time,mean,std,minimum,maximum,area_le_0_km2,area_gt_0_le_1_km2,area_gt_1_le_2_km2,area_gt_2_le_3_km2,area_gt_3_le_4_km2,area_gt_4_km2
1984-01-01,0.819,1.75,0.0,7.0,23727738,4937964,1005062,770990,717452,2454388
1984-02-01,0.819,1.729,0.0,7.0,23244545,5583270,944062,748911,701154,2391652
1984-03-01,0.82,1.719,0.0,7.0,22984121,5904411,931533,741881,695145,2356502
1984-04-01,0.808,1.719,0.0,7.0,23331576,5593269,908700,737623,684871,2357554
1984-05-01,0.777,1.717,0.0,7.0,24225171,4742616,891631,740074,681713,2332388
1984-06-01,0.745,1.712,0.0,7.0,25087975,3925841,888293,737561,668242,2305682
1984-07-01,0.698,1.711,0.0,7.0,26503856,2575162,863331,719180,662563,2289501
1984-08-01,0.644,1.689,0.0,7.0,27683576,1625186,788106,665690,638277,2212760
1984-09-01,0.704,1.841,0.0,8.0,28016114,807719,1025358,687856,613487,2463059
1984-10-01,0.786,1.949,0.0,8.0,27012584,1448768,1145575,725386,616872,2664408
1984-11-01,0.821,1.939,0.0,8.0,25766900,2711301,1128098,732180,622214,2652901
1984-12-01,0.85,1.927,0.0,8.0,24658124,3860489,1098839,738582,624059,2633499
1985-01-01,0.87,1.908,0.0,8.0,23723496,4853478,1087411,734670,618797,2595742
1985-02-01,0.873,1.897,0.0,8.0,23404625,5229571,1065260,729117,619111,2565909
1985-03-01,0.887,1.893,0.0,8.0,22927646,5698931,1067931,733162,620211,2565713
1985-04-01,0.882,1.893,0.0,8.0,23100206,5520691,1065292,742116,623949,2561338
1985-05-01,0.851,1.894,0.0,8.0,24025582,4645060,1038869,736304,620996,2546783
1985-06-01,0.809,1.894,0.0,8.0,25227436,3509225,1012830,723147,609253,2531702
1985-07-01,0.741,1.877,0.0,8.0,26901369,2048706,942412,680378,581345,2459383
1985-08-01,0.696,1.857,0.0,8.0,27873464,1238340,889668,647388,566366,2398368
1985-09-01,0.844,2.159,0.0,9.0,27960534,273031,977169,853339,634467,2915053
1985-10-01,0.867,2.147,0.0,9.0,26989467,1315921,925949,853182,635606,2893468
1985-11-01,0.903,2.131,0.0,9.0,25597120,2761178,896383,851965,627319,2879628
1985-12-01,0.929,2.119,0.0,9.0,24584997,3806370,886054,847213,623510,2865450
1986-01-01,0.954,2.109,0.0,9.0,23668293,4744454,875553,846364,608900,2870029
1986-02-01,0.968,2.095,0.0,9.0,22993783,5459322,868106,841047,605836,2845499
1986-03-01,0.971,2.084,0.0,9.0,22706417,5781249,863354,838965,602891,2820717
1986-04-01,0.954,2.085,0.0,9.0,23194966,5326334,842437,829524,613393,2806940
1986-05-01,0.914,2.083,0.0,9.0,24243394,4411971,783943,791130,602812,2780344
1986-06-01,0.875,2.069,0.0,9.0,25051411,3751858,739524,762892,585061,2722847
1986-07-01,0.806,2.04,0.0,9.0,26543349,2468306,693417,730648,552943,2624930
1986-08-01,0.74,1.994,0.0,9.0,27704666,1538391,648174,699661,534319,2488383
1986-09-01,0.891,2.281,0.0,10.0,27684282,354288,1322739,619543,684737,2948003
1986-10-01,0.912,2.253,0.0,10.0,26497069,1710072,1207746,618043,683049,2897615
1986-11-01,0.934,2.227,0.0,10.0,25273190,3083537,1124878,604855,670717,2856417
1986-12-01,0.957,2.219,0.0,10.0,24411132,4013657,1065889,603401,658463,2861051
1987-01-01,0.982,2.211,0.0,10.0,23482387,5005106,1021525,591525,647891,2865159
1987-02-01,1.002,2.208,0.0,10.0,22820585,5686678,999163,591187,643775,2872205
1987-03-01,0.998,2.209,0.0,10.0,22967116,5543132,978308,592915,645542,2886579
1987-04-01,0.99,2.212,0.0,10.0,23249541,5285269,943606,589043,649650,2896484
1987-05-01,0.96,2.208,0.0,10.0,24065720,4528653,916099,582233,651080,2869809
1987-06-01,0.931,2.207,0.0,10.0,24862740,3786262,894302,570961,641576,2857752
1987-07-01,0.885,2.188,0.0,10.0,25849179,2941947,847684,559666,624861,2790257
1987-08-01,0.853,2.231,0.0,11.0,27418085,1279813,905573,594958,587417,2827747
1987-09-01,0.973,2.461,0.0,11.0,27492313,498619,1028147,770825,542802,3280887
1987-10-01,0.98,2.419,0.0,11.0,26360334,1900251,899085,724427,528184,3201311
1987-11-01,1.013,2.404,0.0,11.0,25008014,3338581,858249,703235,522419,3183096
1987-12-01,1.043,2.397,0.0,11.0,24014232,4364057,823806,688115,521948,3201437
1988-01-01,1.062,2.366,0.0,11.0,22766977,5764534,791161,662501,502547,3125874
1988-02-01,1.06,2.348,0.0,11.0,22357980,6304846,743059,638198,492414,3077096
1988-03-01,1.064,2.341,0.0,11.0,22076348,6614480,743530,635213,488487,3055535
1988-04-01,1.036,2.334,0.0,11.0,22680732,6105807,716541,625018,484795,3000701
1988-05-01,0.99,2.325,0.0,11.0,23777018,5141009,678493,596293,471206,2949574
1988-06-01,0.953,2.321,0.0,11.0,24691507,4317007,656735,581919,455418,2911008
1988-07-01,0.897,2.313,0.0,11.0,26082999,3080065,620493,559855,427644,2842538
1988-08-01,0.911,2.406,0.0,12.0,27227215,1567728,840850,562557,453651,2961592
1988-09-01,1.025,2.621,0.0,12.0,27228723,683457,1366254,564819,553163,3217178
1988-10-01,1.043,2.597,0.0,12.0,26071586,2048949,1225458,550539,548222,3168840
1988-11-01,1.066,2.578,0.0,12.0,24868278,3429342,1131280,530981,533180,3120533
1988-12-01,1.087,2.549,0.0,12.0,23602879,4845788,1041225,530431,539189,3054082
1989-01-01,1.091,2.522,0.0,12.0,22831700,5790423,975779,520047,517722,2977922
1989-02-01,1.066,2.476,0.0,12.0,22391952,6540017,904042,491354,486994,2799235
1989-03-01,1.034,2.442,0.0,12.0,22462920,6696287,879496,461270,456636,2656985
1989-04-01,0.994,2.434,0.0,12.0,23348291,5914277,867070,453784,445710,2584462
1989-05-01,0.955,2.418,0.0,12.0,24080958,5324613,849451,430715,419561,2508295
1989-06-01,0.934,2.408,0.0,12.0,24461520,5006889,842736,424863,403930,2473655
1989-07-01,0.868,2.385,0.0,12.0,25962538,3662165,814348,408604,386893,2379045
1989-08-01,0.804,2.362,0.0,12.0,27372096,2448442,749618,391638,357352,2294449
1989-09-01,0.898,2.552,0.0,13.0,27750851,800477,1617763,608782,359276,2476444
1989-10-01,0.957,2.602,0.0,13.0,26571124,1771245,1732411,674723,350981,2513110
1989-11-01,0.987,2.577,0.0,13.0,25104588,3392346,1623026,672170,352914,2468550
1989-12-01,1.019,2.567,0.0,13.0,23837146,4791905,1538430,646838,342899,2456375
1990-01-01,1.028,2.542,0.0,13.0,23018926,5758879,1465381,638371,329868,2402169
1990-02-01,1.02,2.503,0.0,13.0,22344195,6709955,1329965,615655,307985,2305839
1990-03-01,1.006,2.468,0.0,13.0,22082514,7109958,1303966,593308,296438,2227409
1990-04-01,0.951,2.436,0.0,13.0,23090090,6294070,1240264,568244,284876,2136051
1990-05-01,0.9,2.407,0.0,13.0,24032455,5532607,1184731,548379,259992,2055430
1990-06-01,0.864,2.409,0.0,13.0,25060012,4582851,1148599,526189,250017,2045925
1990-07-01,0.8,2.395,0.0,13.0,26794607,2941570,1114934,515523,244345,2002614
1990-08-01,0.728,2.355,0.0,13.0,28328804,1599030,1065810,484952,226766,1908232
1990-09-01,0.841,2.584,0.0,14.0,28570690,269300,1247373,1007528,471834,2046868
1990-10-01,0.875,2.555,0.0,14.0,26921445,2072961,1151788,990326,471756,2005316
1990-11-01,0.929,2.554,0.0,14.0,25220406,3794352,1100607,987813,479886,2030530
1990-12-01,0.956,2.541,0.0,14.0,24099220,5006810,1043464,971161,476704,2016234
1991-01-01,0.957,2.506,0.0,14.0,23336917,5952608,978356,937762,456266,1951684
1991-02-01,0.974,2.495,0.0,14.0,22622960,6704967,959653,926389,455340,1944285
1991-03-01,0.974,2.488,0.0,14.0,22520220,6842150,944965,923796,450273,1932189
1991-04-01,0.956,2.484,0.0,14.0,22932209,6505802,917748,892205,439771,1925858
1991-05-01,0.92,2.475,0.0,14.0,23838364,5691273,888804,857463,431383,1906307
1991-06-01,0.891,2.475,0.0,14.0,24687383,4874812,877414,847331,431383,1895271
1991-07-01,0.826,2.466,0.0,14.0,26494744,3159304,850260,828299,425979,1855008
1991-08-01,0.773,2.443,0.0,14.0,27699167,2076834,815754,801930,423174,1796734
1991-09-01,0.799,2.519,0.0,15.0,28231680,1004857,1172556,753270,572218,1879012
1991-10-01,0.89,2.598,0.0,15.0,26794356,1922339,1446467,723453,726595,2000383
1991-11-01,0.921,2.565,0.0,15.0,25216400,3653438,1377997,708341,700840,1956578
1991-12-01,0.935,2.534,0.0,15.0,24165043,4882274,1290927,682774,680731,1911845
1992-01-01,0.961,2.526,0.0,15.0,23042678,6136629,1231215,652132,654614,1896324
1992-02-01,0.963,2.5,0.0,15.0,22471285,6854835,1169846,633289,631679,1852659
1992-03-01,0.947,2.471,0.0,15.0,22426395,7031764,1113960,620250,621467,1799758
1992-04-01,0.921,2.463,0.0,15.0,23092854,6424835,1077797,618106,618640,1781362
1992-05-01,0.876,2.438,0.0,15.0,23995734,5661071,1034941,610549,597746,1713552
1992-06-01,0.845,2.415,0.0,15.0,24573568,5176355,1005368,599121,589067,1670115
1992-07-01,0.787,2.381,0.0,15.0,25884148,3991310,975999,584739,566076,1611322
1992-08-01,0.718,2.335,0.0,15.0,27470398,2485712,976463,588831,552738,1539451
1992-09-01,0.88,2.592,0.0,16.0,27395715,688515,1941913,950047,576350,2061054
1992-10-01,0.919,2.601,0.0,16.0,26117339,2153103,1761387,917002,574810,2089951
1992-11-01,0.951,2.606,0.0,16.0,25065864,3330294,1638146,899918,569980,2109392
1992-12-01,0.985,2.609,0.0,16.0,23897392,4599110,1555004,892731,565934,2103422
1993-01-01,0.995,2.578,0.0,16.0,22837732,5880533,1477257,866284,539841,2011946
1993-02-01,0.989,2.548,0.0,16.0,22215417,6754452,1408748,840615,487740,1906621
1993-03-01,0.975,2.531,0.0,16.0,22132706,7001876,1379686,818504,431697,1849125
1993-04-01,0.942,2.525,0.0,16.0,22768579,6551611,1301783,789088,403137,1799396
1993-05-01,0.895,2.514,0.0,16.0,23926141,5531743,1245488,768351,377735,1764136
1993-06-01,0.858,2.5,0.0,16.0,24817693,4722272,1225929,758690,368466,1720542
1993-07-01,0.796,2.492,0.0,16.0,26524969,3149941,1167529,729109,347871,1694174
1993-08-01,0.732,2.454,0.0,16.0,27949144,1904422,1075040,702882,328878,1653227
1993-09-01,0.786,2.504,0.0,16.0,28342196,670874,1287039,919987,586082,1807416
1993-10-01,0.872,2.545,0.0,16.0,26553184,2250918,1231530,989886,668596,1919480
1993-11-01,0.923,2.554,0.0,16.0,24984725,3870268,1172085,986320,656303,1943892
1993-12-01,0.949,2.551,0.0,16.0,23997108,4974685,1090710,972300,641576,1937216
1994-01-01,0.964,2.537,0.0,16.0,23062629,6111054,984922,941281,608806,1904901
1994-02-01,0.973,2.52,0.0,16.0,22466847,6793176,956001,939899,583018,1874653
1994-03-01,0.955,2.499,0.0,16.0,22540053,6834767,935461,928863,555566,1818884
1994-04-01,0.926,2.484,0.0,16.0,22986847,6523051,921299,913193,511250,1757955
1994-05-01,0.902,2.489,0.0,16.0,23764294,5785648,905966,903806,495634,1758245
1994-06-01,0.861,2.47,0.0,16.0,24740285,4865582,911582,902157,473680,1720307
1994-07-01,0.798,2.432,0.0,16.0,26100562,3636432,885230,892613,447281,1651476
1994-08-01,0.724,2.364,0.0,16.0,27433873,2481000,861626,879810,422821,1534464
1994-09-01,0.818,2.463,0.0,16.0,27582524,889353,1749134,862294,733044,1797244
1994-10-01,0.869,2.482,0.0,16.0,26406551,1941190,1778377,826445,810201,1850829
1994-11-01,0.915,2.503,0.0,16.0,25057538,3419484,1647768,819525,775931,1893347
1994-12-01,0.937,2.492,0.0,16.0,23987486,4675458,1549977,799692,726014,1874967
1995-01-01,0.945,2.477,0.0,16.0,23139920,5758093,1453128,771870,668219,1822364
1995-02-01,0.938,2.455,0.0,16.0,22687330,6435628,1392489,726328,626377,1745442
1995-03-01,0.925,2.438,0.0,16.0,22648527,6616915,1348935,697619,601713,1699885
1995-04-01,0.89,2.423,0.0,16.0,23266727,6194157,1283937,660710,565227,1642836
1995-05-01,0.85,2.409,0.0,16.0,24252780,5301717,1253460,644050,550303,1611283
1995-06-01,0.82,2.411,0.0,16.0,25130430,4482899,1228443,638512,531177,1602132
1995-07-01,0.751,2.386,0.0,16.0,26797686,2965952,1205389,606041,498619,1539907
1995-08-01,0.692,2.363,0.0,16.0,28194055,1720896,1159478,592994,456596,1489574
1995-09-01,0.697,2.374,0.0,16.0,28513783,1211477,1178172,692396,469321,1548445
1995-10-01,0.798,2.441,0.0,16.0,27265515,1758332,1269327,982534,551466,1786420
1995-11-01,0.845,2.42,0.0,16.0,25343608,3825653,1169964,962520,552856,1758991
1995-12-01,0.868,2.401,0.0,16.0,24171916,5174863,1069306,921676,544295,1731539
1996-01-01,0.874,2.377,0.0,16.0,23445438,6083688,986996,881679,528153,1687639
1996-02-01,0.886,2.364,0.0,16.0,22785671,6843642,935186,858838,522890,1667366
1996-03-01,0.87,2.334,0.0,16.0,22751110,7021120,888293,832564,512758,1607748
1996-04-01,0.844,2.328,0.0,16.0,23368556,6496439,859592,811961,492304,1584742
1996-05-01,0.815,2.319,0.0,16.0,24015803,5963950,817051,789284,476037,1551469
1996-06-01,0.791,2.316,0.0,16.0,24630711,5408973,796235,781311,461977,1534385
1996-07-01,0.74,2.29,0.0,16.0,25798186,4370097,757103,761942,440180,1486086
1996-08-01,0.688,2.263,0.0,16.0,27078014,3208113,710619,745769,427298,1443781
1996-09-01,0.823,2.402,0.0,16.0,27234567,726941,2440940,669538,707775,1833831
1996-10-01,0.838,2.382,0.0,16.0,26221808,2007241,2232515,654850,695538,1801643
1996-11-01,0.83,2.345,0.0,16.0,25700606,2794836,2088262,631364,668203,1730322
1996-12-01,0.869,2.333,0.0,16.0,24160762,4445314,2012150,630697,662666,1702005
1997-01-01,0.89,2.312,0.0,16.0,23169548,5488613,1987407,636014,667182,1664829
1997-02-01,0.9,2.297,0.0,16.0,22445836,6360183,1919268,622331,644128,1621848
1997-03-01,0.881,2.269,0.0,16.0,22419483,6593587,1827249,605012,618365,1549898
1997-04-01,0.849,2.258,0.0,16.0,23115759,6026286,1773790,596081,592436,1509242
1997-05-01,0.81,2.252,0.0,16.0,24113516,5155187,1703733,587574,571786,1481798
1997-06-01,0.774,2.241,0.0,16.0,24925264,4480032,1644862,570883,545944,1446608
1997-07-01,0.719,2.238,0.0,16.0,26532950,2986625,1576007,559698,532803,1425510
1997-08-01,0.664,2.212,0.0,16.0,27748220,1985247,1456230,543548,517353,1362995
1997-09-01,0.694,2.235,0.0,16.0,28083264,1062236,1530536,928431,498266,1510860
1997-10-01,0.78,2.297,0.0,16.0,26953681,1672809,1487657,1292828,492241,1714377
1997-11-01,0.823,2.296,0.0,16.0,25378954,3433466,1326274,1250790,497088,1727023
1997-12-01,0.873,2.317,0.0,16.0,24049774,4760486,1287314,1244113,498541,1773366
1998-01-01,0.902,2.314,0.0,16.0,22978898,5942585,1214249,1222418,482564,1772879
1998-02-01,0.92,2.311,0.0,16.0,22205284,6855032,1131672,1183474,467986,1770145
1998-03-01,0.9,2.292,0.0,16.0,22283439,6967630,1073901,1131358,438020,1719246
1998-04-01,0.875,2.286,0.0,16.0,22864407,6482112,1037517,1112577,426481,1690498
1998-05-01,0.841,2.28,0.0,16.0,23739748,5704312,1011573,1079831,413474,1664656
1998-06-01,0.801,2.279,0.0,16.0,24871577,4666072,978544,1043856,410253,1643291
1998-07-01,0.741,2.263,0.0,16.0,26402530,3248785,951807,1027212,390224,1593036
1998-08-01,0.683,2.227,0.0,16.0,27608484,2230512,902981,980508,368702,1522407
1998-09-01,0.708,2.254,0.0,16.0,28046936,1150563,1358360,852790,610431,1594513
1998-10-01,0.807,2.332,0.0,16.0,26788355,1741460,1676391,783589,865467,1758332
1998-11-01,0.846,2.346,0.0,16.0,25561813,3130980,1500924,782686,841204,1795987
1998-12-01,0.88,2.339,0.0,16.0,24340439,4416252,1437850,789323,841479,1788250
1999-01-01,0.899,2.326,0.0,16.0,23360795,5530526,1371973,779756,814851,1755692
1999-02-01,0.909,2.311,0.0,16.0,22670167,6367174,1295130,764463,789088,1727572
1999-03-01,0.907,2.306,0.0,16.0,22568762,6549050,1259744,750796,768508,1716733
1999-04-01,0.895,2.301,0.0,16.0,22778476,6419997,1224932,726941,757700,1705548
1999-05-01,0.857,2.293,0.0,16.0,23715594,5616221,1159674,708537,734536,1679030
1999-06-01,0.81,2.281,0.0,16.0,24972275,4438677,1134225,692474,713604,1662339
1999-07-01,0.757,2.267,0.0,16.0,26351819,3179915,1090993,672366,693260,1625241
1999-08-01,0.686,2.228,0.0,16.0,27906729,1854191,988402,650334,661212,1552726
1999-09-01,0.737,2.318,0.0,16.0,28439673,738464,1076611,787399,625395,1946052
1999-10-01,0.806,2.333,0.0,16.0,26663653,2414077,1029537,820727,618200,2067400
1999-11-01,0.836,2.32,0.0,16.0,25359396,3856483,956944,796235,605601,2038935
1999-12-01,0.857,2.309,0.0,16.0,24360155,4993693,894027,766505,585375,2013839
2000-01-01,0.873,2.291,0.0,16.0,23407547,6099083,834614,742148,558095,1972106
2000-02-01,0.885,2.281,0.0,16.0,22721027,6887786,797531,722597,546887,1937765
2000-03-01,0.879,2.277,0.0,16.0,22633957,7115692,745533,688311,526346,1903754
2000-04-01,0.86,2.277,0.0,16.0,23128232,6683099,722636,667025,527430,1885170
2000-05-01,0.822,2.27,0.0,16.0,24133467,5756978,701900,647781,521869,1851599
2000-06-01,0.788,2.261,0.0,16.0,24974710,4997188,693024,628222,507142,1813307
2000-07-01,0.736,2.253,0.0,16.0,26420721,3616827,679655,622253,490042,1784095
2000-08-01,0.677,2.226,0.0,16.0,27792992,2400724,636706,596921,469910,1716340
2000-09-01,0.731,2.301,0.0,16.0,28220746,843757,1547102,568212,526362,1907415
2000-10-01,0.78,2.295,0.0,16.0,26698630,2251405,1653384,562086,541349,1906739
2000-11-01,0.805,2.289,0.0,16.0,25704219,3357079,1552176,557608,538993,1903519
2000-12-01,0.832,2.275,0.0,16.0,24438663,4781222,1476731,531099,520887,1864991
2001-01-01,0.85,2.247,0.0,16.0,23336917,6037157,1395223,527933,509899,1806466
2001-02-01,0.867,2.243,0.0,16.0,22576028,6920187,1312174,518806,498737,1787661
2001-03-01,0.866,2.241,0.0,16.0,22417716,7185127,1250593,516685,495988,1747484
2001-04-01,0.845,2.243,0.0,16.0,22909273,6793631,1205295,518947,482595,1703851
2001-05-01,0.81,2.244,0.0,16.0,23853563,5967289,1144358,505963,463666,1678755
2001-06-01,0.759,2.227,0.0,16.0,25112639,4804119,1128727,498030,449213,1620866
2001-07-01,0.689,2.185,0.0,16.0,26707011,3346467,1105414,486586,424973,1543143
2001-08-01,0.644,2.143,0.0,16.0,27625647,2529071,1091063,476037,404951,1486825
2001-09-01,0.739,2.278,0.0,16.0,27945531,816383,1751726,881185,447603,1771166
2001-10-01,0.795,2.305,0.0,16.0,26843526,1646889,1811273,1005627,463964,1842315
2001-11-01,0.812,2.262,0.0,16.0,25400476,3400397,1643252,958279,448270,1762919
2001-12-01,0.827,2.24,0.0,16.0,24493960,4452855,1552608,940684,448781,1724706
2002-01-01,0.859,2.236,0.0,16.0,23296324,5753286,1485175,918063,435624,1725122
2002-02-01,0.873,2.223,0.0,16.0,22538090,6671506,1384634,882795,427573,1708996
2002-03-01,0.858,2.202,0.0,16.0,22499994,6893167,1304123,841754,417912,1656644
2002-04-01,0.823,2.197,0.0,16.0,23376379,6140211,1250947,813971,400843,1631242
2002-05-01,0.788,2.192,0.0,16.0,24275638,5359449,1187991,788891,392187,1609437
2002-06-01,0.758,2.178,0.0,16.0,25100189,4562664,1181589,777934,396350,1594867
2002-07-01,0.708,2.174,0.0,16.0,26710247,2976351,1152322,776551,394842,1603279
2002-08-01,0.634,2.131,0.0,16.0,28442815,1459019,1034863,741017,386964,1548916
2002-09-01,0.658,2.122,0.0,16.0,28773146,600888,1084387,902824,619150,1633198
2002-10-01,0.735,2.156,0.0,16.0,27055353,2140575,1037517,946905,707335,1725907
2002-11-01,0.786,2.164,0.0,16.0,25531061,3651631,1017543,958672,709794,1744892
2002-12-01,0.827,2.178,0.0,16.0,24426409,4731580,1014872,953173,705081,1782477
2003-01-01,0.854,2.166,0.0,16.0,23299591,5936930,997081,930159,677990,1771842
2003-02-01,0.86,2.147,0.0,16.0,22651826,6732066,952741,902196,638080,1736684
2003-03-01,0.861,2.141,0.0,16.0,22416262,7058705,919084,873997,616637,1728908
2003-04-01,0.835,2.146,0.0,16.0,23173413,6391845,876370,833357,607957,1730652
2003-05-01,0.805,2.147,0.0,16.0,24077187,5561709,830796,810374,602105,1731421
2003-06-01,0.77,2.139,0.0,16.0,24945490,4808321,795371,775106,581212,1708093
2003-07-01,0.716,2.136,0.0,16.0,26574329,3266820,752139,748180,563751,1708375
2003-08-01,0.644,2.092,0.0,16.0,28142842,1911099,681595,701979,544177,1631902
2003-09-01,0.646,2.08,0.0,16.0,28613342,1006311,1055717,648409,581094,1708721
2003-10-01,0.735,2.159,0.0,16.0,27246695,1907917,1317995,596426,629291,1915269
2003-11-01,0.79,2.173,0.0,16.0,25686035,3445327,1290024,613102,626494,1952611
2003-12-01,0.833,2.175,0.0,16.0,24270846,4913260,1243642,616912,602969,1965964
2004-01-01,0.844,2.157,0.0,16.0,23499008,5838274,1189271,596803,568746,1921490
2004-02-01,0.846,2.13,0.0,16.0,22884759,6581137,1161835,581015,559886,1844962
2004-03-01,0.834,2.113,0.0,16.0,22902118,6670642,1131162,562360,537579,1809733
2004-04-01,0.799,2.1,0.0,16.0,23618117,6106341,1087914,540344,505249,1755630
2004-05-01,0.764,2.096,0.0,16.0,24538693,5277721,1052732,528546,488487,1727415
2004-06-01,0.734,2.072,0.0,16.0,25128506,4774153,1032153,517471,477647,1683664
2004-07-01,0.682,2.048,0.0,16.0,26450726,3533504,1016938,510841,464467,1637117
2004-08-01,0.567,1.923,0.0,16.0,28314547,2072357,942884,455379,404637,1423790
2004-09-01,0.596,1.952,0.0,16.0,28696995,973046,1281234,728355,415422,1518542
2004-10-01,0.693,2.032,0.0,16.0,27119958,2061242,1392018,905888,443361,1691126
2004-11-01,0.744,2.043,0.0,16.0,25638043,3552819,1327098,906477,452433,1736723
2004-12-01,0.773,2.037,0.0,16.0,24494431,4813937,1259469,882638,430047,1733071
2005-01-01,0.773,2.011,0.0,16.0,23869469,5666413,1190434,825942,378002,1683335
2005-02-01,0.778,1.996,0.0,16.0,23343044,6322284,1146439,802087,349536,1650203
2005-03-01,0.784,2.001,0.0,16.0,23187402,6489472,1131005,798356,340700,1666659
2005-04-01,0.766,1.995,0.0,16.0,23565302,6183098,1116473,780856,323207,1644658
2005-05-01,0.733,1.984,0.0,16.0,24277876,5614650,1072369,746004,295417,1607277
2005-06-01,0.693,1.973,0.0,16.0,25340937,4654093,1034627,726525,276016,1581396
2005-07-01,0.626,1.949,0.0,16.0,27082750,3035293,1004716,704413,252546,1533874
2005-08-01,0.546,1.878,0.0,16.0,28614952,1766493,942491,661801,222643,1405214
2005-09-01,0.555,1.901,0.0,16.0,29064989,970532,1064436,746829,394897,1371910
2005-10-01,0.638,1.978,0.0,16.0,27674433,1994414,1104691,842217,561646,1436193
2005-11-01,0.691,1.965,0.0,16.0,25696954,4068483,1064828,825180,522969,1435180
2005-12-01,0.721,1.964,0.0,16.0,24647992,5149688,1045427,821449,507142,1441895
2006-01-01,0.727,1.939,0.0,16.0,23991123,5927442,1010749,804546,480710,1399024
2006-02-01,0.739,1.939,0.0,16.0,23472254,6527057,980311,780644,452708,1400619
2006-03-01,0.735,1.933,0.0,16.0,23433138,6644721,958240,753191,426434,1397870
2006-04-01,0.712,1.916,0.0,16.0,23813323,6400548,917403,722134,389155,1371030
2006-05-01,0.677,1.897,0.0,16.0,24549218,5787101,882323,701821,358569,1334560
2006-06-01,0.642,1.884,0.0,16.0,25478474,4912750,873644,691728,346237,1310760
2006-07-01,0.583,1.863,0.0,16.0,27120328,3336758,872819,677990,329177,1276522
2006-08-01,0.525,1.813,0.0,16.0,28284621,2328696,853300,649823,301740,1195414
2006-09-01,0.542,1.821,0.0,16.0,28650180,1260412,1345793,711679,449448,1196081
2006-10-01,0.629,1.894,0.0,16.0,27363353,1929848,1639882,756632,612544,1311334
2006-11-01,0.652,1.866,0.0,16.0,26095621,3412847,1503909,722990,583608,1294619
2006-12-01,0.686,1.86,0.0,16.0,24761061,4898454,1393078,700879,558708,1301413
2007-01-01,0.704,1.843,0.0,16.0,23731005,6124564,1308883,659799,505720,1283622
2007-02-01,0.707,1.824,0.0,16.0,23221845,6792704,1249415,624963,467239,1257427
2007-03-01,0.694,1.807,0.0,16.0,23225890,6937860,1202051,589852,426591,1231349
2007-04-01,0.674,1.796,0.0,16.0,23605706,6673579,1161057,561771,397136,1214343
2007-05-01,0.647,1.79,0.0,16.0,24356031,5994741,1132536,543745,365992,1220549
2007-06-01,0.609,1.772,0.0,16.0,25335243,5079663,1117494,532552,358294,1190347
2007-07-01,0.521,1.735,0.0,16.0,27730924,2824158,1084426,511532,326506,1136047
2007-08-01,0.407,1.573,0.0,16.0,29449401,1585991,950935,440101,267965,919201
2007-09-01,0.344,1.42,0.0,16.0,30099891,1085369,972417,494063,251745,710108
2007-10-01,0.435,1.517,0.0,16.0,28748647,1740957,1196969,765272,343347,818402
2007-11-01,0.501,1.499,0.0,16.0,26062631,4697059,1035530,685287,317410,815676
2007-12-01,0.528,1.478,0.0,16.0,24795818,6123480,959928,633682,307199,793486
2008-01-01,0.56,1.479,0.0,16.0,23557258,7494369,906186,559949,294207,801624
2008-02-01,0.574,1.468,0.0,16.0,22769530,8459010,834724,468928,285873,795529
2008-03-01,0.574,1.466,0.0,16.0,22655125,8655300,788302,431422,287287,796157
2008-04-01,0.557,1.477,0.0,16.0,23309928,8031728,757135,405776,295464,813563
2008-05-01,0.533,1.487,0.0,16.0,24162843,7218589,703864,392030,304057,832210
2008-06-01,0.496,1.482,0.0,16.0,25240043,6243187,651905,355820,297302,825337
2008-07-01,0.429,1.453,0.0,16.0,27017493,4679794,543831,305455,271083,795937
2008-08-01,0.334,1.33,0.0,16.0,28944301,3032128,482870,267218,221111,665965
2008-09-01,0.384,1.427,0.0,16.0,29629573,555236,2021748,429026,230301,747709
2008-10-01,0.447,1.427,0.0,16.0,27320490,3076507,1831687,400042,219619,765248
2008-11-01,0.491,1.429,0.0,16.0,25676139,4904934,1688142,354053,209918,780408
2008-12-01,0.517,1.426,0.0,16.0,24575100,6186436,1547581,319335,202456,782686
2009-01-01,0.538,1.414,0.0,16.0,23592887,7345914,1432862,284876,187226,769828
2009-02-01,0.553,1.413,0.0,16.0,22988873,8029002,1371203,266315,186550,771650
2009-03-01,0.552,1.413,0.0,16.0,22937071,8193559,1271290,248995,186275,776402
2009-04-01,0.542,1.417,0.0,16.0,23209356,8016269,1176421,240041,185592,785914
2009-05-01,0.511,1.417,0.0,16.0,24151022,7159953,1101824,232579,180855,787360
2009-06-01,0.474,1.411,0.0,16.0,25272012,6122734,1029286,226570,180345,782647
2009-07-01,0.407,1.386,0.0,16.0,27186936,4344302,947596,218393,171233,745132
2009-08-01,0.333,1.305,0.0,16.0,28806961,2951185,877532,201278,140718,635920
2009-09-01,0.379,1.372,0.0,16.0,29256292,1040361,1879326,648763,164950,623902
2009-10-01,0.419,1.386,0.0,16.0,28030001,2184059,1928434,695679,165829,609591
2009-11-01,0.477,1.396,0.0,16.0,26065852,4253030,1842566,652494,166599,633053
2009-12-01,0.513,1.397,0.0,16.0,24745940,5684714,1773798,601948,160904,646288
2010-01-01,0.532,1.379,0.0,16.0,23824508,6719765,1711172,573145,150403,634601
2010-02-01,0.547,1.37,0.0,16.0,23177505,7448772,1673021,533023,145588,635684
2010-03-01,0.559,1.362,0.0,16.0,22661056,8036660,1638343,491589,147473,638473
2010-04-01,0.544,1.363,0.0,16.0,23111329,7637262,1617669,457680,142894,646760
2010-05-01,0.497,1.345,0.0,16.0,24405359,6466104,1553433,425570,132352,630775
2010-06-01,0.452,1.334,0.0,16.0,25751662,5193204,1515573,401849,128975,622331
2010-07-01,0.396,1.311,0.0,16.0,27418996,3575228,1509965,388276,123728,597400
2010-08-01,0.322,1.204,0.0,16.0,28772754,2538378,1390565,343527,96299,472070
2010-09-01,0.319,1.188,0.0,16.0,29511257,1262847,1521857,743059,186629,387946
2010-10-01,0.407,1.261,0.0,16.0,27886322,2199705,1693766,1163570,281011,389218
2010-11-01,0.456,1.248,0.0,16.0,26015385,4180138,1629113,1153194,258421,377342
2010-12-01,0.483,1.233,0.0,16.0,24799392,5535042,1573934,1113489,220011,371726
2011-01-01,0.496,1.203,0.0,16.0,23947513,6538478,1539341,1064821,173904,349536
2011-02-01,0.503,1.182,0.0,16.0,23406864,7210813,1478773,1021981,159255,335908
2011-03-01,0.503,1.167,0.0,16.0,23145222,7625739,1397280,968529,150575,326247
2011-04-01,0.483,1.15,0.0,16.0,23481884,7448560,1318340,915298,135384,314127
2011-05-01,0.449,1.136,0.0,16.0,24403945,6647981,1259155,872466,120256,309791
2011-06-01,0.407,1.125,0.0,16.0,25661097,5466313,1217878,850865,115268,302172
2011-07-01,0.341,1.1,0.0,16.0,27697651,3502462,1194958,825408,108018,285096
2011-08-01,0.278,1.028,0.0,16.0,29135014,2326693,1090081,726171,86206,249427
2011-09-01,0.343,1.161,0.0,16.0,29692544,349183,1703144,970768,626377,271578
2011-10-01,0.375,1.139,0.0,16.0,28283615,1946311,1564162,952121,606386,260997
2011-11-01,0.436,1.14,0.0,16.0,26033137,4333384,1482819,909972,589459,264823
2011-12-01,0.465,1.13,0.0,16.0,24739303,5826139,1394139,837748,552424,263841
2012-01-01,0.481,1.11,0.0,16.0,23780616,6985256,1321011,759679,510747,256285
2012-02-01,0.489,1.088,0.0,16.0,23153862,7783148,1253696,703117,471560,248210
2012-03-01,0.495,1.067,0.0,16.0,22602538,8500915,1198791,639887,432089,239373
2012-04-01,0.474,1.054,0.0,16.0,23082455,8124665,1155998,605695,409232,235548
2012-05-01,0.436,1.04,0.0,16.0,24179928,7113414,1131712,564520,392698,231322
2012-06-01,0.386,1.022,0.0,16.0,25690081,5680708,1094873,552189,374004,221739
2012-07-01,0.31,0.969,0.0,16.0,27709119,3875437,1022216,479705,327951,199165
2012-08-01,0.204,0.81,0.0,16.0,29945663,2150354,832249,338579,218362,128386
2012-09-01,0.222,0.884,0.0,16.0,30569094,861100,1159329,554137,250032,219901
2012-10-01,0.313,0.978,0.0,16.0,28504711,2408500,1400737,732651,280100,286895
2012-11-01,0.368,0.971,0.0,16.0,26362290,4727417,1287707,708498,258617,269064
2012-12-01,0.409,0.975,0.0,16.0,24938735,6196804,1253382,701232,256300,267140
2013-01-01,0.43,0.955,0.0,16.0,23871417,7445355,1155527,665454,229767,246073
2013-02-01,0.449,0.946,0.0,16.0,23071741,8333766,1107990,651080,214199,234818
2013-03-01,0.454,0.947,0.0,16.0,22851455,8600042,1076768,633053,213335,238941
2013-04-01,0.433,0.943,0.0,16.0,23450088,8066980,1045466,604784,210507,235768
2013-05-01,0.406,0.941,0.0,16.0,24291386,7270666,1018721,589459,206423,236938
2013-06-01,0.37,0.921,0.0,16.0,25304020,6342196,997435,560947,192913,216084
2013-07-01,0.295,0.889,0.0,16.0,27523559,4273924,947816,501196,170951,196149
2013-08-01,0.247,0.864,0.0,16.0,28863555,3062604,904356,447328,151557,184194
2013-09-01,0.317,1.034,0.0,16.0,29311903,976620,1920171,760104,356605,288191
2013-10-01,0.393,1.095,0.0,16.0,27549134,2355355,2111575,843568,424156,329805
2013-11-01,0.433,1.086,0.0,16.0,25910210,4173069,1989960,804954,417637,317764
2013-12-01,0.456,1.062,0.0,16.0,24682592,5647679,1847200,741370,394112,300640
2014-01-01,0.474,1.052,0.0,16.0,23855707,6611024,1770397,702717,377562,296187
2014-02-01,0.479,1.029,0.0,16.0,23370064,7256763,1668701,671188,367916,278961
2014-03-01,0.484,1.023,0.0,16.0,23069227,7674753,1588072,640122,365638,275780
2014-04-01,0.465,1.016,0.0,16.0,23537779,7316349,1516688,610785,357297,274696
2014-05-01,0.436,1.011,0.0,16.0,24415138,6520695,1461611,592601,349418,274131
2014-06-01,0.398,1.001,0.0,16.0,25527252,5495376,1408827,568998,341564,271578
2014-07-01,0.335,0.983,0.0,16.0,27488432,3622859,1354943,545214,337471,264673
2014-08-01,0.277,0.933,0.0,16.0,28896152,2486459,1207667,493946,308181,221190
2014-09-01,0.301,0.989,0.0,16.0,29378354,1287707,1531911,760496,354053,301072
2014-10-01,0.396,1.11,0.0,16.0,27828511,2079496,1793175,1055489,426544,430377
2014-11-01,0.451,1.11,0.0,16.0,25785634,4283978,1668269,1029796,415202,430715
2014-12-01,0.477,1.096,0.0,16.0,24579891,5685421,1566943,980115,377460,423763
2015-01-01,0.486,1.082,0.0,16.0,23896206,6594341,1465821,893838,344698,418689
2015-02-01,0.489,1.061,0.0,16.0,23362327,7366022,1361934,796746,317017,409546
2015-03-01,0.483,1.052,0.0,16.0,23333736,7548017,1263907,751778,309320,406836
2015-04-01,0.473,1.049,0.0,16.0,23598857,7348113,1205263,746578,309257,405525
2015-05-01,0.439,1.041,0.0,16.0,24606911,6429030,1150249,723618,303272,400513
2015-06-01,0.407,1.035,0.0,16.0,25584945,5514109,1112035,707202,293689,401613
2015-07-01,0.35,1.019,0.0,16.0,27404324,3760098,1062213,704728,288583,393648
2015-08-01,0.263,0.914,0.0,16.0,29313867,2269353,885190,589616,227198,328368
2015-09-01,0.296,0.98,0.0,16.0,29758406,832328,1549073,705042,411471,357273
2015-10-01,0.364,1.028,0.0,16.0,27993964,2330785,1679627,759868,479831,369519
2015-11-01,0.411,1.018,0.0,16.0,26080619,4434985,1561602,716117,467082,353189
2015-12-01,0.439,1.009,0.0,16.0,24877586,5837410,1435140,649980,465079,348397
2016-01-01,0.457,1.001,0.0,16.0,24055186,6800763,1363804,586341,462236,345263
2016-02-01,0.467,0.992,0.0,16.0,23481091,7532268,1248747,549871,464922,336694
2016-03-01,0.47,0.988,0.0,16.0,23279145,7796659,1206175,539071,460838,331706
2016-04-01,0.453,0.985,0.0,16.0,23812223,7314244,1155873,537139,463681,330433
2016-05-01,0.414,0.976,0.0,16.0,25004636,6199239,1096012,531295,456243,326168
2016-06-01,0.386,0.968,0.0,16.0,25853499,5400804,1059566,523008,454083,322634
2016-07-01,0.327,0.94,0.0,16.0,27521454,3892466,988881,487842,407001,315949
2016-08-01,0.238,0.835,0.0,16.0,29325021,2586528,835352,360493,254769,251430
2016-09-01,0.279,0.941,0.0,16.0,29769859,961421,1638625,640350,266087,337251
2016-10-01,0.322,0.977,0.0,16.0,28647588,1939376,1692972,700722,271892,361043
2016-11-01,0.371,0.985,0.0,16.0,26920134,3745535,1618588,688036,278137,363164
2016-12-01,0.406,0.966,0.0,16.0,25361399,5496004,1529122,633367,253080,340621
2017-01-01,0.429,0.942,0.0,16.0,24135085,6953554,1440686,538898,224049,321322
2017-02-01,0.44,0.929,0.0,16.0,23511096,7722196,1379411,483145,206266,311480
2017-03-01,0.438,0.923,0.0,16.0,23389073,7956620,1311467,448820,202338,305275
2017-04-01,0.424,0.913,0.0,16.0,23687773,7782104,1238410,407159,197248,300900
2017-05-01,0.398,0.907,0.0,16.0,24457357,7095819,1187559,374475,191931,306453
2017-06-01,0.353,0.883,0.0,16.0,25700527,5971727,1144279,333473,180463,283124
2017-07-01,0.279,0.829,0.0,16.0,27699316,4166219,1084175,270580,147606,245696
2017-08-01,0.213,0.758,0.0,16.0,29367593,2715660,1007135,224764,108474,189967
2017-09-01,0.274,0.908,0.0,16.0,29657159,922343,1876224,762931,165539,229398
2017-10-01,0.333,0.954,0.0,16.0,28232402,2011537,2030703,925854,182544,230552
2017-11-01,0.384,0.944,0.0,16.0,26281700,4094482,1947545,904356,175239,210272
2017-12-01,0.412,0.924,0.0,16.0,25007386,5515876,1862085,886251,161179,180816
2018-01-01,0.422,0.896,0.0,16.0,24251586,6484846,1750446,832854,134599,159263
2018-02-01,0.431,0.881,0.0,16.0,23675103,7216075,1653738,799692,120374,148612
2018-03-01,0.439,0.883,0.0,16.0,23428975,7473789,1640228,800477,119471,150654
2018-04-01,0.424,0.874,0.0,16.0,23805217,7174084,1593571,782647,111600,146475
2018-05-01,0.389,0.855,0.0,16.0,24782504,6292082,1541651,755901,105293,136162
2018-06-01,0.358,0.842,0.0,16.0,25700724,5429631,1521268,736579,96338,129053
2018-07-01,0.3,0.819,0.0,16.0,27452049,3788438,1457495,705419,89324,120869
2018-08-01,0.231,0.775,0.0,16.0,29334250,2220104,1211751,664983,72539,109966
2018-09-01,0.26,0.879,0.0,16.0,29850582,1081127,1331654,867439,348672,134120
2018-10-01,0.323,0.966,0.0,16.0,28785188,1754876,1319220,1020300,596646,137364
2018-11-01,0.398,0.96,0.0,16.0,26013893,4675026,1238732,981332,579994,124616
2018-12-01,0.423,0.955,0.0,16.0,25010567,5760512,1197495,952113,572493,120413
2019-01-01,0.445,0.938,0.0,16.0,23933689,7039391,1094512,879009,557875,109118
2019-02-01,0.453,0.919,0.0,16.0,23327216,7829845,1019781,795725,542527,98498
2019-03-01,0.451,0.907,0.0,16.0,23169807,8109277,966605,749303,524422,94178
2019-04-01,0.42,0.885,0.0,16.0,23932055,7481079,917026,701869,497708,83857
2019-05-01,0.387,0.862,0.0,16.0,24776692,6749150,878043,654732,482242,72735
2019-06-01,0.351,0.844,0.0,16.0,25790032,5837332,836962,613848,467239,68179
2019-07-01,0.279,0.811,0.0,16.0,27933891,3842887,778248,553351,441688,63529
2019-08-01,0.212,0.76,0.0,16.0,29709864,2364042,624766,447328,408250,59343
2019-09-01,0.243,0.857,0.0,16.0,30058222,1197024,1251850,466415,390616,249467
2019-10-01,0.321,0.979,0.0,16.0,28973073,1417153,1848410,543768,395125,436064
2019-11-01,0.395,0.983,0.0,16.0,26332049,4156299,1765079,538914,392462,428790
2019-12-01,0.434,0.978,0.0,16.0,24858067,5738205,1687121,535419,377852,416930
2020-01-01,0.456,0.962,0.0,16.0,23808265,6979883,1568750,496357,357579,402760
2020-02-01,0.468,0.948,0.0,16.0,23087097,7915501,1416368,461231,343527,389870
2020-03-01,0.461,0.932,0.0,16.0,23013773,8165007,1285311,443636,338029,367838
2020-04-01,0.431,0.915,0.0,16.0,23748788,7607980,1158418,424156,323081,351170
2020-05-01,0.397,0.897,0.0,16.0,24643986,6853186,1078888,400003,303507,334023
2020-06-01,0.358,0.878,0.0,16.0,25716198,5903312,1016129,378756,279118,320081
2020-07-01,0.278,0.836,0.0,16.0,28064468,3694809,971349,351327,238564,293076
2020-08-01,0.216,0.781,0.0,16.0,29659751,2324808,868853,303782,203281,253119
2020-09-01,0.245,0.895,0.0,16.0,30407915,713902,1257796,634569,244345,355066
2020-10-01,0.288,0.931,0.0,16.0,29250440,1763626,1251182,721772,259128,367445
2020-11-01,0.357,0.916,0.0,16.0,26649066,4442133,1224672,717845,251784,328093
2020-12-01,0.401,0.907,0.0,16.0,25012530,6148419,1174441,723854,253630,300719
2021-01-01,0.429,0.9,0.0,16.0,23911602,7336017,1118170,708875,250755,288175
2021-02-01,0.442,0.889,0.0,16.0,23307815,8038703,1048883,700329,242122,275741
2021-03-01,0.441,0.877,0.0,16.0,23115374,8358980,976227,660231,233718,269064
2021-04-01,0.414,0.863,0.0,16.0,23803677,7806831,899211,610816,227693,265365
2021-05-01,0.39,0.843,0.0,16.0,24455393,7235476,852515,590166,223585,256457
2021-06-01,0.345,0.807,0.0,16.0,25673389,6142960,789755,562478,210311,234700
2021-07-01,0.269,0.75,0.0,16.0,27816164,4175362,713022,519261,194264,195520
2021-08-01,0.219,0.696,0.0,16.0,29127356,3016300,648763,475840,180345,164989
2021-09-01,0.27,0.833,0.0,11.0,29569421,1055246,1895546,516449,345216,231715
2021-10-01,0.34,0.9,0.0,11.0,27922957,2294402,2161092,556996,409735,268412
2021-11-01,0.397,0.901,0.0,9.0,25842659,4514043,2025935,560515,406758,263684
2021-12-01,0.427,0.9,0.0,9.0,24749907,5669594,1970716,555488,404284,263605
2022-01-01,0.451,0.887,0.0,9.0,23693145,6877457,1867890,537013,391229,246859
2022-02-01,0.457,0.871,0.0,9.0,23198320,7575116,1726394,508555,368466,236742
2022-03-01,0.449,0.856,0.0,9.0,23213715,7706997,1629035,487583,352207,224057
2022-04-01,0.435,0.848,0.0,9.0,23555248,7446455,1558381,490984,343347,219179
2022-05-01,0.41,0.836,0.0,9.0,24241980,6870427,1476299,479179,334062,211646
2022-06-01,0.364,0.815,0.0,9.0,25588715,5625411,1421905,460524,318942,198097
2022-07-01,0.302,0.782,0.0,9.0,27396092,3957409,1359091,418501,302470,180031
2022-08-01,0.248,0.737,0.0,9.0,28800324,2765381,1257191,367877,260778,162043
2022-09-01,0.267,0.819,0.0,9.0,29479524,1347128,1574052,719966,263644,229280
2022-10-01,0.352,0.941,0.0,8.0,28123944,1961958,1827202,1085306,299611,315572
2022-11-01,0.406,0.938,0.0,8.0,26080893,4170045,1701377,1057563,296360,307356
2022-12-01,0.437,0.929,0.0,8.0,24843143,5523181,1629427,1037965,284617,295260
2023-01-01,0.447,0.899,0.0,8.0,23977236,6654791,1512070,951901,244063,273534
2023-02-01,0.45,0.868,0.0,8.0,23369986,7525081,1400697,870620,198529,248681
2023-03-01,0.446,0.853,0.0,8.0,23281148,7722510,1362445,828283,185686,233522
2023-04-01,0.431,0.839,0.0,8.0,23585253,7511115,1327577,797885,168814,222949
2023-05-01,0.403,0.821,0.0,8.0,24305446,6923329,1254756,762499,157173,210389
2023-06-01,0.363,0.801,0.0,8.0,25399337,5952797,1196631,720791,144056,199982
2023-07-01,0.296,0.766,0.0,8.0,27327787,4210991,1104723,649964,131865,188263
2023-08-01,0.22,0.691,0.0,8.0,29263911,2599763,948146,549950,106471,145352
2023-09-01,0.233,0.757,0.0,9.0,29922453,1257073,1371910,651551,271656,138950
2023-10-01,0.326,0.885,0.0,9.0,28204439,2270932,1699453,805300,457775,175695
2023-11-01,0.387,0.89,0.0,9.0,26011772,4561132,1612147,803894,452473,172176
2023-12-01,0.421,0.887,0.0,9.0,24751714,5894318,1569614,787045,438373,172529
2024-01-01,0.442,0.871,0.0,13.0,23646897,7247196,1449263,704728,384474,177266
2024-02-01,0.446,0.849,0.0,9.0,23132537,7965811,1359421,642400,336419,173236
2024-03-01,0.448,0.838,0.0,9.0,22862530,8367149,1294972,596175,316232,172765
2024-04-01,0.42,0.822,0.0,9.0,23539601,7811449,1261315,533557,291757,172145
2024-05-01,0.39,0.804,0.0,9.0,24351986,7109094,1223102,491786,265255,168602
2024-06-01,0.346,0.774,0.0,9.0,25488174,6115822,1185320,440141,220797,159569
2024-07-01,0.277,0.737,0.0,9.0,27552904,4196004,1130895,381332,197814,150874
2024-08-01,0.204,0.671,0.0,9.0,29430706,2609189,1007175,286345,140325,136083
2024-09-01,0.264,0.846,0.0,10.0,29848532,801404,1706962,802441,226248,224237
2024-10-01,0.322,0.898,0.0,10.0,28372554,2082214,1726551,915942,258814,253748
2024-11-01,0.374,0.892,0.0,10.0,26367277,4238813,1638814,872505,250488,241926
2024-12-01,0.402,0.88,0.0,10.0,25174613,5552951,1582888,834724,237135,227513
